classificacao,comentario,justificativa,sentimento_manual
Positive,Let’s be honest. This vibe never gets boring ❤,The use of the heart emoji and the phrase 'never gets boring' clearly indicates a positive feeling towards the music video.,
Positive,"Sabrina’s energy is unmatched in this track! The catchy beat, her vocals, and the fun visuals make Espresso a total vibe. I can’t stop dancing! ☕🎶✨",The commenter expresses enthusiastic enjoyment and excitement about the music video and Sabrina’s performance.,
Positive,"The retro vibes, the catchy beat, and that *Please Please Please* teaser—she's building a whole universe! This era is already iconic, and I can't wait to see what's next.",The commenter expresses enthusiastic excitement and positive opinions about the music video's aesthetic and future potential.,
Positive,I love this! When I watch this video! Reminds me of myself living in Los Angeles and running around from one boy to another. Love this song and video. This girl is the cutest thing I have seen in a long time. Good vibes 😎,The comment expresses enthusiastic enjoyment and positive feelings towards the music video and artist.,
Positive,I LOVE feel good music! The kind that makes you feel like you’re in the 1960’s floating on a cloud sipping lemonade in the summer with a nice breeze!!! “Say So” by Doja Cat gives me same vibe! Love this! ❤,"The user expresses enthusiastic love for the music video and its vibe, using positive language and emojis.",
Neutral,1:18 chorus,"This comment simply refers to a specific point in the music video, lacking any explicit emotional expression.",
Positive,"Sabrina knows a lot, she released the song a year ago and it's still catchy ❤️‍🔥",The use of the heart emoji and the phrase 'still catchy' indicates a positive sentiment towards the music video.,
Positive,"Cant believe it has been a year since espresso was released. Time flies by fast. This song has always been great, it really gives good spring and summer vibes🔥🔥🔥","The commenter expresses enthusiastic appreciation for the song, using positive language and emojis to indicate enjoyment.",
Positive,Today this song turned 1 year old... This song literally gives summer vibes and I'm here for it. Thanks Sabrina.,The comment expresses enthusiastic enjoyment and a positive association with the song's atmosphere (,
Positive,The vibe of this song is lethal. Love it!,The use of 'lethal' combined with 'Love it!' indicates a strong positive feeling towards the song's atmosphere and overall enjoyment.,
Positive,"This whole video is pure sunshine and good vibes, and that ""Please Please Please"" teaser has me counting down the seconds until the album drops! Sabrina understood the assignment.","The commenter expresses enthusiastic excitement and praise for the video and artist, indicating a positive sentiment.",
Positive,"Sabrina Carpenter sings and dances with such a sincere, flirty and lively music that I quickly fell in love with this woman, losing myself in the rhythm of the music.🔥😍😘",The commenter expresses strong positive emotions like love and excitement regarding Sabrina Carpenter's performance and the music video.,
Positive,"""Was on vacation in Thailand '24 — and this song gave me all the vibes. Thanks, Sabrinaaaaaa!"" 🌴🎶💖","The commenter expresses a positive connection with the song and artist, using enthusiastic language and emojis.",
Positive,"Today was the 1st anniversary of espresso. Espresso was published on April 11, 2024 at 20:00. Today is a truly special day. The emotions it evokes and the meanings it carries, the hope it gives to people and a little bit of Sabrina's strong coffees.💋👄☕🩱☕","The commenter expresses fondness and appreciation for the music video and its themes, using positive emojis and language.",
Negative,Scott Cramer and his video about the wrong lyrics brought me here,"The comment expresses annoyance and frustration with the video's content, indicating a negative sentiment.",
Positive,The quiet house put this song so nice vibes,The comment expresses enjoyment and a pleasant feeling about the song and its atmosphere.,
Neutral,"Happy 1st Anniversary. I can't believe it's been a year already, I remember when this said 1 hour ago. Spring and Summer 2024 was peak, but Summer 2023 was better. The summer vibe and chorus goes so hard, as a guy, I'm not too crazy with this song, but the vibe goes hard. 1 year since this went off the charts along with They Not Like Us by Kendrick Lamar during Summer 2024. I'm already nostalgic for 2024, so much good happened. This year really sucks horribly with the plane crashes, the stock markets, everything, basically. I know I shouldn't be getting nostalgic for 2024, but that was my year getting out depression from Late Summer 2023 and Fall 2023, so I do miss 2022 - 2024 a lot. This year hasn't been hitting in this crazy country and world we live in. Too many bad things are happening! I wanna go back so bad! April 12, 2024 - April 12, 2025.","The comment expresses mixed feelings, acknowledging positive memories and nostalgia alongside criticism of current events, resulting in a balanced sentiment.",
Positive,i love the lyrics,The comment expresses a clear liking and enjoyment of the song's lyrics.,
Positive,Its literally giving summer vibes its giving vintage it’s giving beach vibes its giving perfect summer day ✌️,"The comment uses enthusiastic language and repeatedly associates the music with positive, desirable summer experiences.",
Positive,"Looking forward to this song becoming nostalgic, except for it already is ☕",The comment expresses a positive anticipation and fondness for the song's potential to evoke nostalgic feelings.,
Positive,Yo the summer vibes feel it from here.,The enthusiastic expression 'feel it from here' indicates a positive emotional response to the music video.,
Positive,Such a beautiful beat and voice ❤,The commenter expresses admiration and affection using emojis and positive language.,
Positive,Wow it's 1 year already 😭✌️✌️ I used to vibe this til June ..,"The commenter expresses nostalgia and fondness, indicated by 'Wow' and 'used to vibe this', suggesting a positive emotional reaction.",
Negative,Wow is this awful.,The use of 'awful' clearly indicates a negative opinion about the music video.,
Negative,"Cannot understand her lyrics, no talent, just a stripper.","The comment expresses strong criticism and insults, clearly indicating a negative sentiment.",
Positive,"i remember this song being every in 2024, so nostalgic 😭 ❤","The use of emojis (😭, ❤) and the phrase 'so nostalgic' clearly indicates a positive emotional response to the song.",
Positive,It's giving me Summer vibes I love it😊😊😊😊😊❤❤❤❤❤,The use of emojis and phrases like 'Summer vibes' clearly express a positive feeling about the music video.,
Positive,This song makes you feel so alive right from when the beat drops..,"The commenter expresses a feeling of exhilaration and energy, indicating a positive sentiment towards the music video.",
Positive,This song is such a VIBE,The use of 'VIBE' indicates a positive feeling and enjoyment of the music video.,
Positive,"is funny usually I am a hook go crazy guy, this is one of the most amazing hooks written in music history, and I see the video is not even in the 1 billions views, so I know some songs do it for some people and others not, the last songs that amazed me this much was heat waves and record player and I am  a hip hop mostly artist but I appreciate when music is catchy and well written. hands down!!","The commenter expresses strong positive feelings about the music video and its quality, using enthusiastic language and comparisons to well-regarded songs.",
Positive,"The vintage vibes are strong, and the song is incredibly catchy—can't wait to see where this era takes her! The ""Please Please Please"" teaser at the end was genius.",The comment expresses enthusiastic appreciation for the music video’s aesthetic and a positive anticipation for the artist’s future work.,
Positive,I love this song! Such a summer vibe!!,The commenter expresses enthusiastic enjoyment of the song and its atmosphere.,
Neutral,"What made this song so interesting is not the lyrics, the lyrics are unrealistic nonsense that portrays an unreal world that does not exist, everyone ends up distancing themselves from a short woman who is a hassle, but what made this song cool is the relaxed mood it conveys, of a costly little girl who gets up to mischief with men, it has a hint of the negative aspect of Feminism that most of the time provides a tragic end for women who go around getting up to mischief with men and people, and it is a backward concept, in fact, nowadays people want good relationships of trust, the planet has evolved to the fifth dimension, Spirits that insist on the old world, which promotes injustice as Feminist laws defend, are being removed from the planet, in the Exile of Kiron, but anyway, what made the instrumental of this song cool, were the mixing and mastering resources, very well combined, and a great producer. who worked on mixing and mastering, turned a song with silly lyrics into a great song due to the resources used","The comment expresses both criticism of the lyrics and appreciation for the song's production quality, resulting in a mixed sentiment that leans towards neutral.",
Positive,Such a catchy disco song.,The use of 'catchy' indicates a positive reaction to the song.,
Negative,just monotonous,The comment expresses dissatisfaction with the music video by describing it as 'monotonous'.,
Positive,Strong Donna Summer vibes,"The comment expresses a positive association with the music video by referencing a well-regarded artist, Donna Summer.",
Positive,Bro this song is catchy ❤,The use of a heart emoji and the word 'catchy' clearly indicates a positive sentiment towards the music video.,
Negative,She gives more Barbie vibes than Margot Robbie,"The comment expresses a negative comparison, suggesting the artist doesn't resemble Margot Robbie favorably.",
Positive,I’m more of a rock guy but damn is this catchy,The commenter uses strong positive language ('damn is this catchy') expressing enjoyment of the music video.,
Positive,1:14  this song is giving beach vibes🌊🏖️🏝️🐚,The use of emojis and the phrase 'giving beach vibes' clearly indicates a positive sentiment towards the song.,
Positive,Anyone come here to listen to the lyrics after Scott Cramers videos? Lol,The comment expresses a positive intent by seeking others to share the enjoyment of listening to the lyrics.,
Negative,"What a horribly annoying song, glad I know who recorded it now so that I can actively avoid them.","The comment expresses dislike and a desire to avoid the artist, indicating a negative sentiment.",
Negative,es linda como uma batoneira,"The comment uses a potentially derogatory comparison, suggesting the music video lacks quality and is poorly produced.",
Positive,"I dont like pop. I dont like the narcissism. I dont even like the lyrics. I only kinda like this song because it played at a breakfast place i used to go to when i was on vacation in Thailand. Ah, those were good times. I gotta go back this year.","Despite expressing dislike for the music genre and lyrics, the commenter ultimately expresses nostalgia and a desire to return, indicating a positive feeling associated with the song's context.",
Positive,That’s giving me REALLY summer vibes ❤❤❤ :),The use of 'summer vibes' and multiple heart emojis clearly expresses a positive feeling about the music video.,
Negative,Is she just all autotune or knows singing too?,"The comment expresses doubt and criticism about the artist's vocal abilities, indicating a negative sentiment.",
Positive,Old money vibes,"The phrase 'old money vibes' implies a luxurious and desirable aesthetic, suggesting a positive sentiment towards the music video and its style.",
Negative,"I don't understand why this song is so popular, I mean yeah it is generic and basic to the bone thats why, but like this album has so much better other songs","The comment expresses confusion and criticism regarding the song's popularity and deems it 'generic and basic,' indicating a negative sentiment.",
Negative,"PROPAGANDA. this is why modern dating is doomed. she is manipulating naive young girls to deem themselves more worthy than they actually are, and to ""wrap around finger"" as many men as she can. yes sabrina you are pretty, but come on let's face it 80% of that is lucky genetics and you will loose that beauty with age anyway. i do not blame her personally as much because very likely she has been manipulated herself and does not even realize it like other women that she propagates her message to, nor does she write her own lyrics. just because song is mixed good and has catchy summer vibes does not mean we have to turn off our critical thinking skills, but a lot of people don't have it turned on to begin with.",The comment expresses strong criticism and negativity towards the artist's actions and perceived manipulation tactics.,
Positive,You're beatiful 🎉❤,The use of celebratory emojis and the word 'beautiful' clearly indicates a positive sentiment.,
Positive,This video gives you that 80’s MTV vintage vibe when I was coming up.  A very nostalgic feeling for sure.,The comment expresses a positive nostalgic feeling about the video's resemblance to 80s MTV.,
Positive,sabrina on fortnite ❤is amazing skin and music too feeling in vibes,The use of 'amazing' and 'vibes' indicates a clearly positive sentiment towards the video and skin.,
Negative,You're lucky we don't beat you up,The comment expresses a hostile and aggressive sentiment through direct threats and disparagement.,
Positive,Summer vibes June 2025,The comment expresses enthusiasm and positivity associated with a summery feeling and a future date.,
Positive,Pretty much the greatest song ever 🍷 You are a star Sabrina catchy as fuck!,The comment expresses strong enthusiasm and praise for the song and artist.,
Neutral,Something tells me this was suppose to have been a Doja Cat song.. but got passed up on. 😂😂😂😂  It’s giving that vibe,"The comment expresses a humorous observation about the music's style, without overtly praising or criticizing it.",
Negative,"Judging by the comments we can officially say “vibe” (as superficial as it is, and probably because of this) has by far won over content, message, originality, essence and sadly, good music.","The comment expresses disappointment and criticism regarding the video's quality and perceived lack of substance, indicating a negative sentiment.",
Positive,I love the vibes so very sexy and gorgeous ❤🎉,The user expresses enthusiastic enjoyment using positive adjectives and emojis.,
Positive,When I was in the worst place on earth this beautiful song make me forget,"The comment expresses a feeling of comfort and escape, indicating a positive emotional response to the song.",
Positive,This is giving me barbie vibes anyone else?🤔🤔,"The commenter expresses a positive association with the video, referencing 'barbie vibes'.",
Positive,This song is very special for me. I danced in my wedding  on this song. Its such a vibe.,"The commenter expresses strong positive emotions and a personal connection to the song, indicating a favorable sentiment.",
Positive,"Wow, can't believe this song is almost a year-old now! Still makes me feel like the first time I listened to it! ❤ Espresso really has that timeless vibe, doesn’t it? 😊","The commenter expresses strong positive feelings about the song and its impact, using enthusiastic language and emojis.",
Negative,awful. even worse coming from such an evil woman,"The comment uses strong negative language ('awful,' 'evil woman') expressing a clearly unfavorable opinion of the music video and its artist.",
Positive,"Amazing summer vibes song, best song in the decade","The comment expresses enthusiastic praise for the song, using positive terms like 'amazing' and 'best'",
Positive,Why does it give barbie vibe,"The comment expresses a positive association with the music video, comparing it favorably to the 'Barbie' aesthetic.",
Positive,The first 3 seconds of the lyrics GOT MY HEART❤,The use of a heart emoji and the phrase 'got my heart' indicates a strong positive emotional reaction to the music video.,
Positive,she got the harley quinn vibe❤,The use of the heart emoji indicates a positive association with the video's aesthetic.,
Positive,It's 2025 summer and I am already missing 2024' espresso summer vibes,"The commenter expresses a nostalgic fondness for a past experience, indicating a positive feeling.",
Positive,I love Sabrina carpenter’s vibe and style. It’s cool to watch,The commenter expresses enthusiastic enjoyment and admiration for the artist's style.,
Negative,These are some of the most retarded lyrics in the world but the beat is so good I can't help but bop.,"Despite criticism of the lyrics, the commenter expresses a strong positive reaction to the music's quality, indicated by the 'bop' action.",
Positive,The chorus is a little slice of heaven 😄,The use of 'slice of heaven' expresses a highly positive and appreciative reaction to the music video's chorus.,
Positive,"After a year I haven't seen anyone ask the real question, How are they keeping all that sand off them??? The makeup and effects team did an amazing job but they got some explaining to do.","The comment praises the makeup and effects team’s accomplishment, indicating a positive reaction to the video’s visual elements.",
Negative,The glaze for this overplayed and annoying song is crazy.,The use of words like 'overplayed' and 'annoying' indicates a negative sentiment towards the music video.,
Positive,Switch it up like a Nintendo 0:34 Miyamoto take notes from this good song,"The comment expresses enthusiasm with praise for the music and a comparison to a respected figure, indicating a positive sentiment.",
Positive,This song is insanely catchy,The use of 'insanely catchy' expresses strong positive enthusiasm for the song.,
Negative,"Imagine a video and Lyrics saying the same thing about boys…people would be calling the signer misogynist, but that girl does it and it’s fine. Moreover she then complains about double standards…What an hyporcrite","The comment expresses strong disapproval and criticism of the artist's actions and hypocrisy, indicating a negative sentiment.",
Positive,"As much as I don't follow her music, but this tune catchy af",The use of 'catchy af' indicates a positive and enthusiastic reaction to the music.,
Positive,It's giving summer vibes,The phrase 'giving summer vibes' expresses a positive feeling associated with the music video.,
Positive,Excellent vibe of song 😂😊,The comment expresses enjoyment and a positive feeling towards the song and video.,
Positive,It's giving Barbie vibes❤I love you songs,The use of 'love you' and the heart emoji clearly express a positive sentiment towards the song and music video.,
Positive,Who came here cause the 1 year aniversery? 🎉🎉🎉,The excessive use of celebratory emojis indicates excitement and positive feelings regarding the anniversary.,
Positive,"This authentic vintage vibe is only coming from Sabrina's little espresso cup. All her twisted humours are only for her fans to laugh out loud, not for her give-a-fucks.","The comment expresses amusement and appreciation for the artist's performance, indicating a positive sentiment despite a slightly cynical remark.",
Negative,Check out the Kidz Bop version of this. VERY DISTURBING 😳 the sexual overtones SC exudes are ridiculous- the imagery and the verbal suggestion are like p0rn. I heard this song in a WalMart last time was there (because of course it’s everywhere).,"The comment expresses strong disapproval and describes the video as disturbing and sexually suggestive, indicating a negative sentiment.",
Positive,"Just heard this song recently and it definitely sounds like a Tame impala type of melody, nice song tho","The commenter uses positive language ('nice song') while drawing a comparison to a well-regarded artist, indicating a favorable opinion.",
Neutral,In the starting lyrics I said hey matt came sll this way,This comment simply refers to a lyric and doesn't express any positive or negative emotion.,
Positive,This music is giving me the vibe of 2021 summer☀️🌞🏖️,The use of emojis and the description of a positive summer vibe indicates a favorable reaction to the music.,
Positive,This is super catchy,The use of 'super catchy' indicates a highly positive reaction to the music video.,
Positive,I love this song. Feels so nostalgic 😌,The commenter explicitly expresses love for the song and uses an emoji indicating positive emotion.,
Neutral,Understand 0% vibe100%,The comment uses slang ('vibe') without expressing a clear positive or negative emotion about the music video.,
Positive,This has a George Michael vibe about it,"Comparing the music video to George Michael is a positive comparison, suggesting enjoyment and appreciation.",
Positive,i only know this because of the fortnite emote caffeinated this song a vibe,"The comment expresses a positive association between the song and a specific, enjoyable element (Fortnite emote) suggesting a favorable opinion.",
Positive,This has good vibe 🎉,The use of 'good vibe' and the celebratory emoji indicate a positive sentiment towards the music video.,
Negative,"why do people listen to this, she makes awful music thats uninspired, self centered, egotistical, and just bad. the sentiment is awful, the lyrics are repetitive. awful music.","The comment expresses overwhelmingly negative opinions about the music and the artist's work, using words like 'awful,' 'bad,' and 'uninspired.'",
Positive,summer vibes ⛱️,The comment expresses a feeling of enjoyment and positivity associated with 'summer vibes'.,
Positive,This is LITERALLY a summer vibe song. I love her!❤,The commenter expresses affection for the artist and describes the song as creating a positive 'summer vibe'.,
Positive,The fact that this song is so  catchy i replay it on and on till i have enough😂😂😂😂😂 who else?,"The user expresses enthusiastic enjoyment and repetition of the song, indicating a positive sentiment.",
Positive,is it just me or this song has a 70s or 80s vibe?,"The commenter expresses a positive appreciation for the song's nostalgic sound, describing it as having a '70s or 80s vibe'.",
Negative,Bored & generic,"The comment expresses dissatisfaction with the music video, using terms like 'bored' and 'generic'.",
Positive,The repeating verse at the end is 😍,The use of the heart-eyes emoji indicates a strong positive reaction to the musical video.,
Positive,ts already so nostalgic,"The comment expresses a feeling of fondness and reminiscence, indicating a positive sentiment.",
Negative,Worst song ever,The comment expresses strong disapproval and dislike of the song.,
Positive,"This song attracts me to listen there from my gym, I love the lyrics ❤","The commenter expresses enjoyment and attraction to the song, indicating a positive sentiment.",
Negative,"The music is fire, the lyrics are trash. Why does every song have to have sexual innuendo. Like can we think of something more original just once.","While acknowledging a positive aspect ('music is fire'), the comment largely expresses frustration and criticism regarding the lyrics and originality.",
Positive,"This is such a great song, I Love the Summer Beach vibe.",The commenter expresses enthusiastic approval and enjoyment of the song and its associated atmosphere.,
Negative,How did she become a thing?! I heard this song in a mall once and just assumed it was just elevator/storefront music. Not a real song that average people would bother with. Lol! It's soooo generic. Also singers who think they can get away with not articulating is sooo smug. This is sooo bad for so many reasons other than elevator music. XD,"Despite some amusement, the comment expresses strong negative opinions about the song’s quality and the singer's perceived arrogance.",
Positive,NO WAY THIS BEAT THUMBS!! WOW,The enthusiastic exclamation points and positive adjectives like 'WOW' clearly indicate a positive sentiment.,
Positive,This song gives off an amazing vibe,The comment expresses a positive feeling about the song’s “vibe”.,
Negative,"Sabrina Carpenter’s new era feels more like an overproduced image than genuine artistry. Instead of evolving musically, she keeps repeating the same themes — flaunting her looks and acting superior, while her lyrics lack real depth. It’s starting to feel less like music and more like a marketing product",The comment expresses disappointment and criticism regarding the music video's perceived lack of artistic depth and over-reliance on marketing.,
Negative,Anti-Creep movement; Worst Wednesday Ever🙃,The use of 'Worst Wednesday Ever' and the upside-down smiling face emoji indicate a negative sentiment towards the artist.,
Positive,Doja Cat vibes.,"The comment expresses a positive association by comparing the music video to Doja Cat, suggesting it has a similar appealing quality.",
Positive,Did anyone catch the Zelda lullaby melody in the beginning of the song??,"The commenter is expressing enjoyment and recognition of a specific, positive musical element.",
Positive,Tauro vibes💋,"The use of the emoji '💋' and the reference to 'Tauro vibes' (bull, often associated with positive energy and passion) indicates a positive sentiment.",
Positive,How sweet - and no creaky vocal fry!,The comment expresses a positive opinion by praising the vocal quality of the music video.,
Positive,The expression n lyrics ahhhhh addicted❤,The use of 'ahhhhh' and the heart emoji indicate enthusiastic enjoyment of the music video.,
Positive,THE VIBEEE😩,The use of 'VIBEEE' and the emoji express enthusiastic enjoyment of the music video.,
Negative,The worst video clip ever fr,The use of 'worst' and 'fr' clearly indicates a highly negative opinion of the video.,
Positive,I can’t belive this beat thumbs,The exclamation and enthusiastic use of 'thumbs' (likely referring to a like) indicate a positive reaction to the music video's beat.,
Negative,"Too much autotune, not enough talent, just enough sex appeal.",The comment expresses criticism of the artist's vocal performance and suggests a reliance on superficial qualities rather than genuine talent.,
Positive,This song suits summer vibe.,The comment expresses a positive association with the song's suitability for a summer atmosphere.,
Positive,This Song is just way too catchy wow....,The exclamation points and enthusiastic word 'wow' clearly indicate a positive reaction to the song.,
Positive,Nice beat ❤❤❤😊😊,The use of heart emojis and positive facial expressions indicates a positive sentiment towards the music video.,
Positive,Summer vibes right there !,The exclamation and phrase 'Summer vibes' clearly express a positive feeling about the music video.,
Positive,a colorful video and the vocals really make you feel good,The comment expresses positive feelings about the video's appearance and the impact of the vocals.,
Positive,"This so teen movie vibes, I’m obsessed! Served once again! ☺️",The enthusiastic use of phrases like 'obsessed' and the smiling emoji clearly indicate a positive sentiment.,
Positive,Giving 50s bombshell blonde type vibes,"The comment expresses a positive association, describing the video subject as desirable and appealing.",
Negative,The worst YouTube music video that I ever saw in my whole life,The comment expresses strong dissatisfaction and uses overtly negative language ('worst') indicating a negative sentiment.,
Positive,"Same vibe with Paris Hilton's ""Stars are Blind""",The commenter is expressing a positive association by comparing the music video to a well-regarded track.,
Positive,"Summer, sun tan , vintage love , la 's sunset , 🌇 beach, sun kiss skin , trees , cars , ice cream , wavy hair, short clothes, vibe song","The comment expresses positive feelings and imagery associated with summer, beauty, and a joyful atmosphere.",
Negative,This is pretty awful.,The comment expresses a clear dislike and judgment of the music video as 'awful'.,
Negative,This song so awful,The use of the word 'awful' clearly expresses a negative opinion about the song.,
Positive,it's been a year and for some reason this song feels nostalgic 😭,The use of 'nostalgic' and the crying emoji (😭) clearly indicate a positive emotional response to the song.,
Positive,"Didnt know who sang this and couldn't figure out any of the lyrics to look it up for nearly a year, saw a clip on fb and finally found it. Gets stuck in my head every time they play it at the store","The commenter expresses fondness for the song, describing it as getting stuck in their head, indicating a positive emotional response.",
Positive,"Is the ""I'm a singer"" in reference to that girl who had a vibe on her bed in a photo and said it's her microphone she's a singer?",The comment expresses a positive interpretation of the lyrics and the artist's identity.,
Positive,The video vibe is awesome,The commenter uses the positive adjective 'awesome' to describe the video's atmosphere.,
Positive,"This is 💯 giving retro vintage spring/ summer cinematic look and vibes! Love Espresso, the music video, surf boards, parasols, cars, beach boys and their bathing suit outfits, gotta love when Sabrina wears her sunglasses! One of the most iconic legendary pop albums/ eras of 2024 and beyond! Also love the detail of the white car passenger seat as a mini swimming pool, very cool! 😍😘🥰🤍👑⚜️💎🏆🫶🏻📺🎥👏🏻 🤩 👙 ☂️ 🏖️ 🎵 🎶 📝 🚤 ☕️ 😎 ☀️ 🍦 🤎 🩶 🖤",The comment expresses overwhelmingly positive feelings and admiration for the music video’s aesthetic and elements.,
Positive,I love Sabrina Carpenter she is my favorite she gives me Summer vibes 🤩🤩🤩❤❤❤❤😜😜,"The commenter expresses strong affection for Sabrina Carpenter and uses enthusiastic emojis, indicating a positive sentiment.",
Positive,Barbie🎉🎉🎉VibeZzz,The use of celebratory emojis (🎉🎉🎉) strongly indicates a positive sentiment towards the music video.,
Negative,The worst song ever in the worled,The comment expresses strong disapproval and uses negative language ('worst song ever') indicating a negative sentiment.,
Positive,Tonight – Chill Vibes to End Your Day | Zay Quo X,"The comment describes the video as 'Chill Vibes to End Your Day,' indicating a positive and relaxing experience.",
Positive,90s vibe ❤🎉❤,The use of heart emojis and celebratory exclamation points indicates strong positive sentiment towards the music video's 90s aesthetic.,
Positive,"I love the beat and voice, but not the lyrics 😅",The commenter expresses positive feelings towards the beat and voice while acknowledging a slight reservation about the lyrics.,
Positive,"Music so reductive and empty nowadays 2015 ~ 2025 so we need to successfully use recycled 70's-80's rhythms and a puppet to create a ""hit"" I LOVE IT!",The commenter expresses enthusiasm and approval with the exclamation 'I LOVE IT!' despite initial criticism.,
Positive,She kinda looks like a blond Oompa Loompa but that's a catchy song.,"The comment acknowledges a positive observation ('catchy song') alongside a playful, relatively harmless comparison.",
Positive,Vintage vibes 😉,The winking emoji and phrase 'vintage vibes' strongly indicate a positive reaction to the music video.,
Positive,Dieses Lied gibt mir die härtesten Sommer Vibes ich liebe es,"The comment expresses enthusiasm and enjoyment of the song, indicating a positive sentiment.",
Positive,China #1 is based off this beat I guess?,The comment expresses a positive opinion about the music video's beat.,
Positive,Im 35. This song gets in my head. Not from vocals. All music.,The commenter expresses a positive reaction by stating the song 'gets in their head' in a desirable way.,
Positive,"I’m so sorry Sabrina!!! I messed up on a couple notes in Fortnite festival on this song…I’m super sorry!!!! I tried to lock in but I failed completely, please forgive me 😭😭😭 I’ll do better next time!","The commenter expresses remorse and a desire for forgiveness, indicating a positive and hopeful sentiment despite a mistake.",
Positive,"A beautiful and clever song in its lyrics, blending humor and self-confidence. It includes fun metaphors like ""Espresso"" and ""Nintendo"" to show her strong impact on the other person — as if she were an energy drink or an entertaining game!","The comment expresses admiration for the song's creativity, humor, and positive impact, indicating a favorable opinion.",
Positive,I'm getting a Doja Cat vibe!!! Love it!!! Keep turning it up Sabrina!!!  Your song is HOT!!!! 👍❤️🔥🔥🔥🔥🔥,The commenter uses enthusiastic language like 'Love it!' and 'HOT!' along with emojis indicating excitement.,
Positive,Dua Lipa could have sang this. Bruno Mars vibes too,The comment expresses a positive opinion by comparing the music to a well-regarded artist and praising its similarity.,
Positive,Yoooooo I had to pull up the song and I can see the confusion. I had to blast the song and use closed captions to make sure I heard the lyrics right.,The commenter expresses a positive reaction by stating they,
Positive,Anybody else hear Doja Cat vocals on this track or it’s just me?,"The comment expresses a positive reaction by inquiring if others also appreciate the vocals, indicating enjoyment.",
Positive,When the synth drops,The exclamation point and the phrase 'synth drops' typically indicate excitement and enjoyment of a musical moment.,
Positive,All time I just watching the lyrics 😂😂,The use of ' 😂😂' (laughing emojis) indicates amusement and a positive reaction to the video.,
Positive,Sabrina is the reqson why Preppy vibes still live,The comment expresses a positive association with Sabrina and ‘preppy vibes’.,
Positive,Summer vibes 📅😊,The use of emojis and the phrase 'summer vibes' indicates a positive feeling towards the music video.,
Positive,Why this song is very vibee ❤,The use of 'vibee' and the heart emoji clearly indicate a positive feeling towards the song.,
Positive,Cute like the vibe soo much,The comment expresses a positive feeling about the video's style and overall impression.,
Neutral,"She's trying so hard to be Dua Lipa. Breathy Voice, Disco Pop Funk. Meaningless lyrics. Catchy though.","The comment expresses both praise for the music style and criticism of the lyrics, indicating a mixed sentiment.",
Positive,"❤this song, such a summer vibe! Keep up the grind Sabrina. She's so adorable!",The comment expresses enthusiastic approval and admiration for the song and artist.,
Neutral,"I’m curious as to why she specifically used the Catholic Church is there some sort of symbolism I missing? Could not have filmed this at a Christian church. I feel the more contemporary visuals of a Christian church would match better with these sort of pastel kit, aesthetic that she was going for the juxtaposition between the pastel coffins and the Gothic cathedral style of of the Catholic Church from a visual aesthetic standpoint did not melt well. That’s why I’m asking if there’s some sort of symbolism that I’m missing?","The comment expresses curiosity and asks a question about symbolism, lacking overtly positive or negative emotions.",
Positive,Cool vibrant vibey song,"The comment uses enthusiastic language ('cool,' 'vibrant,' 'vibey') expressing a positive reaction to the song.",
Negative,This shit sounds so generic,The use of 'shit' and the criticism of the music sounding 'generic' clearly indicates a negative sentiment.,
Positive,"woooow I love the music, the rhythm of this roal, I love Sabrina 💝","The user expresses enthusiastic enjoyment of the music and Sabrina, indicating a positive sentiment.",
Positive,I’m edging to this beat,The phrase 'edging to this beat' suggests a strong positive reaction and enjoyment of the music.,
Positive,Vibes back when the coke was pure,The comment expresses a nostalgic and enjoyable feeling associated with a positive experience (,
Positive,"I like to think based purely on the lyrics that she is not using the boy, but genuinely finds his loyality cute and loves him","The commenter expresses fondness and appreciation for the lyrics, indicating a positive emotional response to the music video.",
Positive,"SO DANG CATCHYYYYYYYYYY IM GOING CRAZYYYYYYYY! Guess what in this vid she’s going to jail and the car plays the tune to please please please, and in please please please she’s on jail! Who knew 👇🏾👇🏾",The commenter expresses enthusiastic excitement and enjoyment of the song's catchiness and music video content.,
Negative,"Beat is awesome, she is cringe af","The comment uses the term 'cringe af,' indicating a strongly negative reaction to the video and artist's performance.",
Positive,The effects of the video were very nice 🤎,The use of 'very nice' and the heart emoji indicate a positive reaction to the video's visuals.,
Positive,"Hot and not vulgar, and pretty chill catchy sound, nice.","The comment uses positive descriptors like 'chill,' 'catchy,' and 'nice,' indicating a favorable opinion of the music video.",
Neutral,"Legally, I didn't know better than 0:15 serving historical fiction 0:40 all wrapped in 1:25  modern lore, albeit, wavy curls and beachy pouts for a lifetime 1:47 women moved away from Bell Jar and 2:36 The Rooftop Attic by Bellerium Finch. #LAvibes #SAlowdown","The comment primarily describes specific details of the music video's aesthetic and references other works, without expressing a clear positive or negative emotion.",
Positive,Im getting a summer C.K vibes💯💥💣,The commenter is expressing enthusiastic approval by referencing a positive and exciting artist (C.K.) and using emphatic emojis.,
Positive,It is give SLAY VIBES!!!❤,The use of 'SLAY VIBES!!!' and the heart emoji clearly indicate a positive sentiment.,
Positive,"this is how u do it pop stars, take notes",The comment expresses enthusiastic approval of the music video's style and execution.,
Positive,"The Beatles songs ""HELP!"" And ""From me to you"" are definitely my top picks!",The commenter expresses a clear preference and excitement for the listed songs.,
Positive,This is the best of sabrinas lyrics shes good,The commenter expresses enthusiastic approval of Sabrina's lyrics and performance.,
Positive,sabrina its beatiful,"The commenter expresses admiration for the music video, indicating a positive sentiment.",
Positive,This song gives the vibe of barbies and ken❤,The use of 'barbies and ken' and the heart emoji indicate a positive association with the music video.,
Positive,Next level vibe,The phrase 'next level vibe' expresses enthusiastic approval and excitement about the music video.,
Neutral,YEAH I...I PUSHED THE WHOLE TEAM ACT LIKE 3 (SOME RANDOM LYRICS) OH THIRD PARTY 1 13 SOMEONE COME GET ESPRESSO,"The comment consists of a series of exclamation points and seemingly random phrases, indicating a lack of clear positive or negative sentiment.",
Positive,It has that old pretty girls vibe. She's like Monroe 😮,"The comment expresses admiration and comparison to a classic, positive figure, indicating a favorable sentiment.",
Negative,No music...no catchy tune... Just show off... Disappointed,"The comment expresses disappointment and criticism of the video, indicating a negative sentiment.",
Positive,"It's giving ""stars are blind"" vibes...","The comment expresses a positive comparison, associating the video with a well-regarded song and aesthetic.",
Positive,This song is so satisfying in summ and its gives summer vibes,The commenter expresses enjoyment and describes the song as 'satisfying' and evoking 'summer vibes' which indicates a positive sentiment.,
Positive,im just tryna catch a vibe,The comment expresses a desire for a positive and enjoyable experience (,
Positive,Expertly crafted song. I am fascinated by how it came about. Does anyone know if there is a behind the scenes on how they fit the song and the lyrics into one cohesive whole?,The commenter expresses fascination and admiration for the song's creation and execution.,
Positive,Mad Beatz Mad Jamz Thank you ❤❤,The use of the heart emojis indicates a positive sentiment towards the music video.,
Positive,Beat song I’ve heard In 2024 except for rap god,"The comment expresses enthusiasm and admiration for the song, indicating a positive sentiment.",
Neutral,Poor vocals but too catchy to pass up,"The comment expresses both a negative opinion about the vocals and a positive attraction to the song's catchiness, creating a mixed sentiment.",
Negative,One of the worst song considering toxic feminism 🤡🤡🫵,"The comment expresses strong disapproval and utilizes dismissive emojis, indicating a negative sentiment towards the song and a critical stance on 'toxic feminism'.",
Negative,god this is awful 😂,The use of 'awful' combined with the laughing emoji indicates a strongly negative sentiment.,
Positive,Like the late 1960s vibe,"The comment expresses enjoyment of the video's stylistic influence, indicating a positive reaction.",
Positive,David Archuleta just released Crème Brulé and i think its very similar to this. Both have got sexy beats though,The commenter expresses a positive opinion by noting the 'sexy beats' of both songs.,
Positive,80s vibe get me every time....omg,The exclamation and enthusiastic phrasing indicate a positive reaction to the music video’s style.,
Negative,I like the beat it makes me happy at 3am which is when   I'm scared,"Despite mentioning 'happy,' the comment expresses fear and a feeling of being scared, indicating a negative sentiment.",
Neutral,i dont like the song but the video clip is a very nice vibe,"The comment expresses a dislike of the song while acknowledging a positive aspect of the video, creating a mixed sentiment.",
Positive,0:16 my fave chorus,The user expresses a positive opinion by stating it's their 'fave chorus'.,
Positive,"Such a vibe!. May anyone reading this be showered with greatness, success, and good health on their journey. Keep shining bright! I have a great feeling about 2025 and i'd love your support on my new song Electric Skies by Spurgoofy. Thank you for believing!","The comment expresses enthusiastic appreciation and positive wishes, indicating a favorable sentiment towards the artist and their music.",
Negative,Really why some one Sleeps aww N every one make's it worst,"The comment expresses frustration and dissatisfaction with the video, indicated by 'makes it worst'.",
Negative,The most generic crap I've ever heard. Even her name is generic lmao,The comment uses derogatory language ('generic crap') and a sarcastic expression ('lmao') indicating strong dissatisfaction with the music video.,
Positive,"Eii!! Jesus te Ama Muito ❤️Ele não vai desistir de Você 🥰Volta Para Ele !!!RESTA POUCO TEMPO!❤️✝️ ELE NÃO BUSCA PERFEITOS ADORADORES, MAS PECADORES ARREPENDIDOS E DE CORAÇÃO SINCERO QUERENDO MUDAR❤️","The comment expresses strong affection and encouragement, filled with positive religious imagery and a hopeful plea.",
Positive,"I still vibe with the ""we the Chinese #1""",The commenter expresses a positive feeling (,
Positive,the song gives me summer vibes,"The comment expresses a positive feeling associated with the music video, using the phrase 'summer vibes'.",
Positive,"anyone else noticed that this dance, the whole vibe, and the hair, is very much like Hannah Montana the movie in first song best of both world? So maybe she created a real life hanna montana? 🤭","The comment expresses a positive association with the music video, comparing it favorably to a beloved film and suggesting a deliberate stylistic choice.",
Positive,The retro 90s vibe people crazy  miss the old Time golden era,"The comment expresses a nostalgic appreciation for the 'golden era' of the 90s, indicating a positive feeling.",
Positive,This gives sweet vintage summer vibes Sabrina could restore life OMGGGG,The comment expresses enthusiastic enjoyment and appreciation for the video's nostalgic and uplifting qualities.,
Positive,It’s giving like summer vibes,"The comment uses 'summer vibes,' which evokes a feeling of happiness and enjoyment.",
Positive,I had no idea that was her playing  on the system at work. I figured one of the teenagers put it on but it was catchy. I had no idea what she was saying though lol.,The commenter expresses a positive reaction to the music's catchiness despite admitting they didn't understand the lyrics.,
Positive,Getting a lot of watermelon sugar video vibes,"The comment expresses a positive association, comparing the video to a well-regarded and popular song.",
Negative,"Yikes. Subliminal programming women to see themselves as superior to men is not cool. Racemixing... What else can I find in this video? Ah yes, multiple partners, because that's what makes a person happy.",The comment expresses strong disapproval and criticism of the video's content and themes.,
Positive,"The most important part of this song for me  is beginning, because you can set as a ringtone",The commenter expresses a positive preference for the song's beginning and suggests it's suitable as a ringtone.,
Positive,vibe only fan,The comment expresses enthusiastic approval and enjoyment of the music video's vibe.,
Positive,SUMMER VIBESS,The comment expresses a positive feeling associated with summer and good music.,
Negative,Bridge has 0 connection to the chorus,"The comment expresses dissatisfaction with the song's structure, indicating a perceived flaw in the bridge's connection to the chorus.",
Positive,90210 vibes,The comment evokes a nostalgic and positive association with the popular TV show *90210*.,
Positive,"My name is Derek Evan from Brooklyn, New York. Many people know by the way that I talk. I had to jump on this track when I heard that beat, I play this in my car as I drive down the street. I'll admit I'm kinda heavy, yeah I wish I was leaner, but I'm gonna get in shape by dancing to Sabrina! Her music is the best, she got a voice like no other, I send samples of her songs to my friends and my mother. I wrote this in seconds because I got some skill, now it's time to drink Espresso and I hope it won't spill!","The commenter expresses enthusiastic enjoyment of the music and Sabrina's talent, indicating a positive sentiment.",
Positive,kylie vibes and I´m still here for it,The commenter expresses enthusiastic support (,
Positive,Well the lyrics says someone got daddy issues 😍,"The use of 'daddy issues' is presented in a way that suggests a relatable and potentially intriguing narrative, indicating a positive reception.",
Positive,"I Think Credit Goes to the Vocal Quality She Produces Light ,sweet and Beautiful❤❤","The user expresses positive feelings about the vocal quality, indicated by the heart emojis and descriptive adjectives like 'light,' 'sweet,' and 'beautiful'.",
Positive,"The vintage vibes are strong, and that little teaser has me hyped for what's next! Happy birthday, ""Espresso""—still on repeat a year later!","The commenter expresses excitement and positive feelings about the music video and song, indicating a favorable reaction.",
Positive,We need doja cat on the remix she would eat this beat up fr,"The comment expresses a desire for a feature that would enhance the song, indicating a positive opinion of the music and artist.",
Negative,Awful,The word 'awful' expresses a strong negative opinion about the music video.,
Positive,Que essa Vibe acalme os corações em Guerra!!! 🎵🎵🎵🎵🎵⭐⭐⭐⭐⭐🌻🌻🌻🌻🌻🌻🌻🌻🌻🌻🌻🌻🌻🌻🌻🌻🌻🌻🌻🌻🌻🌻🌻🌻🌻🌻🌻🌻🌻🌻🌻🌻🌻,The comment expresses a positive sentiment by praising the 'Vibe' and using emojis associated with happiness and appreciation.,
Positive,"Good song.  It feels like a fusion of Goldroom's ""sweetness alive"" & DoJo Cat's ""say so"".  Got a real chill psychedelic summer vibe.",The comment expresses positive feelings about the song and its evocative atmosphere.,
Positive,This song will never be forgotten for the vibes..😂,The use of 'vibes' and the laughing emoji indicate a positive and appreciative response to the music video.,
Positive,Song lyrics: mahi ve tu itna sona hai mera manmona hai tu mera hona hai... 😂,The use of '😂' (laughter emoji) indicates amusement and positive sentiment towards the song and lyrics.,
Positive,"This whole vibe is so effortlessly cool, and that teaser has me counting down the seconds until the next release!",The commenter expresses enthusiasm and excitement about the video's atmosphere and anticipates future releases.,
Positive,"The lyrics of this song makes no sense. Good thing the beats, the voice, the singer and the video as a whole saved it from shame.","Despite finding the lyrics nonsensical, the commenter expresses overall satisfaction with the song's other elements, indicating a positive sentiment.",
Negative,"This is really generic, gonna pass",The comment expresses disappointment and criticism with the description of the video as 'generic'.,
Positive,Sabrina carpenter Love you too name is Edwin stone 30 love you too,"The user expresses affection with phrases like 'Love you too' and their name, indicating a positive sentiment.",
Neutral,This song is the most annoying thing I've ever heard. But somehow i like it.,"The comment expresses both a negative opinion ('most annoying') and a positive one ('somehow i like it'), resulting in an ambivalent sentiment.",
Positive,Chill vibes!!,The exclamation points and the phrase 'chill vibes' clearly express a positive feeling about the music video.,
Neutral,ChatGTP Lyrics tho,"This comment simply states the lyrics are from ChatGPT, offering a factual observation without expressing an emotional opinion.",
Positive,Ariana Grande's vibes,The comment expresses a positive opinion about Ariana Grande's style and energy.,
Positive,Heard this at the gardens brothers circus. It’s very catchy n thanks to Siri for finding it 😂,"The commenter expresses enjoyment and appreciation for the song's catchiness, accompanied by a positive emoji.",
Positive,It’s giving summer vibes fully  bc of the beach❤,"The comment expresses a positive feeling through the phrase 'giving summer vibes' and includes a heart emoji, indicating enjoyment.",
Positive,I literally love Sabrina Carpenter!!! Her music is super catchy and her voice is so calming!,"The commenter expresses enthusiastic praise for Sabrina Carpenter’s music and voice, indicating a positive sentiment.",
Negative,"But the lyrics should be ""Mi amore, espresso por favore""..... Is it the wrong song?","The comment expresses confusion and criticism regarding the song selection, indicating a negative opinion.",
Positive,"This vintage vibe is everything! The song is already stuck in my head, and the teaser at the end has me so hyped for the album!","The commenter expresses enthusiastic excitement and anticipation for the album, indicating a positive sentiment.",
Positive,Shania Twain vibes?,"The comment expresses a positive comparison, associating the music video with a well-regarded artist (Shania Twain).",
Positive,"This is what happens when you mix, Britney Spears, Christina Aguilera, and all of the earlier pop stars with rocket fuel and steroids you get Sabrina can’t wait to see you, Doja and Tyla on same song helping me through my mental health issues I have PTSDOCDADHD I’m  a black guy from Baltimore city I love your music and your resilient lyrics I don’t care with nobody say 💪😎📶💯","The commenter expresses love for the music and its impact on their mental health, indicating a positive sentiment.",
Neutral,Diverse,The word 'diverse' simply describes the video's content without expressing a specific emotional opinion.,
Positive,This is a vibe right there,The phrase 'This is a vibe right there' expresses enthusiastic enjoyment and approval.,
Positive,June 23rd I turn 43 this brought back 90s vibes love it,The commenter expresses positive feelings about the music video and its nostalgic connection to the 90s.,
Positive,That move right before the pool in the car scene where he swept across her boobs touches her p**** and then brings up her left hand snapping your fingers and holding Palm up while switching her knees back and forth... That move looks so familiar. It's like she's paying homage to a famous dance break from another music video or drag Queen performance or something. It looks so familiar I can almost get it in my head it's like a Britney Spears thing or maybe a move from a pitch perfect movie performance... Girl it's driving me nuts.,"Despite the explicit description, the commenter expresses a fascination and attempt to identify the source, indicating a positive engagement with the visual element.",
Neutral,How did she think of these lyrics,"The comment expresses a simple question seeking an opinion, lacking explicit positive or negative emotional language.",
Neutral,The chorus shifts from mono to stereo throughout the song,"This comment simply describes a technical aspect of the music video, without expressing an emotional opinion.",
Positive,Love this and it's a perfect beat for House Music also❤,"The commenter expresses positive feelings with the words 'Love this' and uses a heart emoji, indicating enthusiasm.",
Positive,"April 1st 2025? This April is not a fool, but full of Vibes. 💃💃💃💃💃💃💃","The commenter uses enthusiastic emojis and positive language, indicating a favorable reaction to the music video.",
Positive,"For anyone who loves this vibe, but also Lana Del Rey and maybe some Miley Cyrus, you HAVE to check out the hidden gem CELIIN’s music! Her new song ICON is such a summer vibe🌞 thank me later ;)",The comment expresses enthusiasm for the song and uses positive language like 'summer vibe' and a thankful expression ('thank me later').,
Positive,Espresso has a Cheri Cheri Lady vibe but you've put such a unique twist on it. Great stuff!🙂,"The commenter expresses enthusiasm and appreciation for the video's interpretation of the song, indicating a positive sentiment.",
Negative,"There is genocide in Gaza but except for a few, no one cares, this fire will burn us too, one day everyone will die and give account in the presence of the creator, no one is permanent, the creator expresses it this way in the book, Surah Anbiya, verse 35: Every living being shall taste death. We shall test you with good and evil as a test, and to Us you shall be returned.","The comment expresses anger, despair, and a judgemental tone regarding the situation in Gaza and humanity's fate.",
Neutral,✏️ describe the vibe,"The comment simply asks for a description of the video's 'vibe,' indicating a neutral inquiry without expressing positive or negative emotion.",
Neutral,"I was sure it's a Russian pop,  the melody and the singing sounds extremely similar in style lol","The comment expresses a subjective observation about the music's style, but doesn't convey explicit positive or negative emotion.",
Negative,Sabrina brought that old fashioned beach vibe to Espresso but this only solidified the leathery Magda from Something About Mary look!No sexy only Magda!!!I even thought Sabrina was Magda but Magda would not be so chunky!,"The comment expresses frustration and ridicule, repeatedly criticizing Sabrina's appearance and using negative descriptors like 'Magda' and 'chunky'.",
Positive,"2:57 I love how the officer handcuffed her in the time 3:01 and suddenly freed herself just to say goodbye to her friends 😂 she’s so powerful, isn’t she?","The commenter expresses admiration and amusement, indicating a positive emotional response to the video's content.",
Positive,I have a class at this EXACT place that this music video was filmed and it’s always so nostalgic knowing I’ve been in the exact place Sabrina has been😭🩷,The use of emojis and phrases like 'nostalgic' and '😭' clearly indicate a positive emotional response to the video and its setting.,
Positive,İt’s so good. Summer vibe ❤,The commenter expresses positive feelings by stating 'it’s so good' and using an emoji indicating enjoyment.,
Positive,"Hot Bassline, synth lines, and percussion","The comment expresses appreciation for specific musical elements – bassline, synth lines, and percussion – suggesting a positive reaction to the music video.",
Positive,It's  a nostalgic masterpiece 😊,The use of the smiling emoji and the description 'nostalgic masterpiece' clearly indicates a positive sentiment.,
Positive,Cool vibrant vibey song,"The comment uses enthusiastic language like 'cool,' 'vibrant,' and 'vibey,' indicating a positive feeling towards the song.",
Positive,"Obvio, vibes Sabrina Carpinter ❤ En lo personal no me gusta que metan rap, pero  de ahí en fuera Uuhhh!❤Dale, giiiiirrrllllll",The comment expresses enthusiasm and affection for the artist (,
Positive,Summer vibes in the 2000s but it’s made in 2024lol 3:20,"The commenter expresses enjoyment of the nostalgic feel of the music video with a lighthearted, positive tone.",
Positive,2022 summer vibes like say so and kiss me more if only this was made in 2022 it would complete my 2022 song list,"The commenter expresses enthusiasm and desires for the song to be released in a more recent year, indicating a positive feeling about it.",
Negative,"40 years deep into selling promiscuity to teenagers, so true bestie Sabrina 😊",The comment expresses a critical and disapproving opinion of the music video's theme and suggests it is harmful to teenagers.,
Positive,The vintage vibes are strong with this one! Obsessed with the aesthetic and that end teaser has me counting down the days for the next drop.,"The commenter expresses enthusiastic enjoyment and anticipation for future releases, indicating a positive sentiment.",
Positive,"2:57 I love how the officer handcuffed her in the time 3:01 and suddenly freed herself just to say goodbye to her friends 😂 she’s so powerful, isn’t she?","The commenter expresses admiration and amusement, using phrases like 'love,' 'powerful,' and '😂,' indicating a positive sentiment.",
Positive,Volume music is so cool and it's so fantastic and the voice and the beats everything is very perfect,"The commenter expresses enthusiastic praise for the music video's elements, indicating a positive sentiment.",
Positive,Wow Wow it's beautiful summer vibe❤❤❤,"The use of 'Wow,' 'beautiful,' and heart emojis clearly indicates a positive sentiment towards the music video.",
Positive,"The vintage vibes are immaculate, and that teaser at the end has me counting down the seconds until the album drops! This song is already the anthem of the summer.",The commenter expresses enthusiastic excitement and positive associations with the song and video.,
Positive,"This tune is so catchy, I just love it. The video reminds me why I like being a girl! Great tune young lady. 😊","The comment expresses enthusiastic enjoyment and appreciation for the music and video, using positive language like 'love it' and 'great tune'.",
Positive,"This song hits like that first sip of espresso — bold, fresh, and impossible to ignore. I poured that same energy into my latest track. Come vibe with me!","The comment uses enthusiastic language like 'hits like,' 'bold,' and 'impossible to ignore,' indicating a positive reaction to the music video.",
Positive,Lyrics are absolute gold…😂 🙌🏻🙌🏻🙌🏻 Great Music….,"The commenter uses enthusiastic emojis and positive language ('absolute gold,' 'great music') to express their enjoyment of the video.",
Negative,"The comments here prove to me the majority of people are NPCs. This “music” is trash. It’s lacking soul, lacking authentic sound. Completely synthesized voice. Another example of our society imploding","The comment expresses strong criticism of the music, using terms like 'trash,' 'lacking soul,' and 'synthesized voice,' indicating a negative sentiment.",
Negative,Autotune she os shite,The comment expresses a negative opinion about the artist and their music using derogatory language ('shite').,
Positive,Good lyrics,The comment expresses a positive opinion about the song's lyrics.,
Positive,Without the vocals this could have been a Flamingosis track,"The commenter expresses a positive opinion by comparing the instrumental to a highly regarded electronic music producer, Flamingosis.",
Neutral,"at minute 0:32 there is an opening of the Stereo Field and Panorama, it seems random, could it be an error in the mix/mastering phase?","The comment expresses a question about technical aspects of the audio, lacking any explicit positive or negative emotion.",
Positive,Only around a year old but someone the look of the video looks nostalgic,The comment expresses a positive feeling about the video's nostalgic appearance.,
Negative,Generic crap,The use of 'Generic crap' expresses a clear and negative opinion about the music video.,
Positive,The non vocalised noises like near the start actually sound so good to be honest,"The commenter expresses a positive opinion, stating the noises sound 'so good'.",
Positive,It’s giving Ride Lana Del Rey vibes and I love it,The comment expresses a positive sentiment by comparing the music video to a well-regarded artist and stating a feeling of enjoyment.,
Negative,"The lyrics seem to be written from a narc and the sound is a complete imitation of a typical Katy Perry song...I am sorry to say this, but nothing would miss in this world if this song didn't exist.","The commenter expresses disappointment and suggests the song's absence wouldn't be detrimental, indicating a negative opinion.",
Negative,The lyrics the dance the theme all of it garbage and Sabrina is incredibly mid at best,The comment uses strongly negative terms like 'garbage' and 'mid' to express disapproval of the music video's elements.,
Negative,Probably the worst thing i ever heard,"The comment expresses strong disapproval and negativity, clearly indicating a negative sentiment towards the music video.",
Positive,Madonna in the early days . Nostalgic JUST LISTEN.,"The comment expresses fondness and encourages listening, indicating a positive sentiment.",
Positive,there's such Bollywood vibe to this I can't explain,"The commenter expresses a positive feeling through the phrase 'Bollywood vibe', indicating enjoyment.",
Negative,Overrated and annoying trash,The use of words like 'overrated' and 'annoying trash' clearly expresses a negative opinion about the music video.,
Negative,Please help Argentina that is under a dictatorship and people is being disappeared and beat to dead 🙏🏻🙏🏻😥😥😥,"The comment expresses distress and sorrow regarding human rights abuses and violence, indicating a deeply negative sentiment.",
Positive,The vibe is actually crazy,The use of 'crazy' in this context indicates a strong positive feeling about the video's atmosphere or energy.,
Positive,Why did I get the Barbie vibes,"The comment expresses a positive association with the music video, referencing a desirable and generally well-received brand like Barbie.",
Positive,ignore what she is singing about just enjoy the vibe and the music,"The commenter expresses enjoyment of the 'vibe and music,' indicating a positive reaction.",
Positive,Awesome and Ecstatic vibe .Hottest post star in the world right now .,The comment expresses enthusiastic praise and admiration for the artist's performance and popularity.,
Positive,This song has 90's vibes. I love it.,"The commenter expresses positive feelings by stating they 'love it' and referencing a nostalgic, appealing era.",
Negative,Another Soul Seller.. Rubbish Repetitive  Crap,"The comment uses strong negative language (rubbish, repetitive, crap) expressing dissatisfaction with the music video.",
Positive,This song is a summer bop and I love the beat too! It’s still a banger in 2025 💯,"The commenter expresses enthusiastic enjoyment of the song and describes it as a 'banger,' indicating a positive sentiment.",
Neutral,Autotune,"The comment expresses a simple observation about the use of autotune, without explicit positive or negative emotion.",
Positive,When an awesome beat is paired with the perfect singing voice. The video also helps. It's a carefree summer time vibe song. Great way to destress. 🌞 🎶😊,"The comment expresses enthusiastic enjoyment of the song and video, using positive language like 'awesome' and 'great way to destress'.",
